{"best_score": 0.4828960905349795, "best_episode": 3299, "best_per_preset": {"tropical": 0.37152777777777785, "strong-shear": 0.41512345679012347, "calm": 0.996141975308642}, "worker_id": 5}