{"best_score": 0.463991769547325, "best_episode": 3599, "best_per_preset": {"tropical": 0.3464506172839506, "strong-shear": 0.39814814814814814, "calm": 1.0}, "worker_id": 2}