{"best_score": 0.48566100823045266, "best_episode": 2699, "best_per_preset": {"tropical": 0.3792438271604938, "strong-shear": 0.42515432098765427, "calm": 0.9718364197530863}, "worker_id": 8}