{"best_score": 0.4847608024691358, "best_episode": 3299, "best_per_preset": {"tropical": 0.3722993827160494, "strong-shear": 0.4193672839506173, "calm": 1.0}, "worker_id": 7}