{"best_score": 0.48463220164609044, "best_episode": 2699, "best_per_preset": {"tropical": 0.3815586419753086, "strong-shear": 0.3815586419753087, "calm": 1.0}, "worker_id": 6}