{"best_score": 0.4876543209876543, "best_episode": 3599, "best_per_preset": {"tropical": 0.37808641975308643, "strong-shear": 0.41358024691358025, "calm": 1.0}, "worker_id": 4}