{"best_score": 0.49736368312757206, "best_episode": 2999, "best_per_preset": {"tropical": 0.394675925925926, "strong-shear": 0.44097222222222227, "calm": 0.9645061728395062}, "worker_id": 0}