{"best_score": 0.48746141975308643, "best_episode": 2999, "best_per_preset": {"tropical": 0.3742283950617284, "strong-shear": 0.427854938271605, "calm": 1.0}, "worker_id": 9}