{"best_score": 0.48566100823045266, "best_episode": 3599, "best_per_preset": {"tropical": 0.3726851851851852, "strong-shear": 0.4232253086419753, "calm": 1.0}, "worker_id": 1}