{"best_score": 0.47048611111111105, "best_episode": 2699, "best_per_preset": {"tropical": 0.3634259259259259, "strong-shear": 0.38425925925925924, "calm": 0.9849537037037037}, "worker_id": 3}