{"best_score": 0.06880144032921812, "best_episode": 4, "best_per_preset": {"tropical": 0.10686728395061729, "strong-shear": 0.05941358024691359, "calm": 0.06828703703703703}, "worker_id": 0}